{"oilfield0": [113.26653, 23.132191], "oilfield1": [118.763232, 32.061707], "oilfield2": [117.020359, 36.66853], "purchase0": [123.42944, 41.835441], "purchase1": [120.152791, 30.267446], "transfer0": [114.468664, 38.037057], "transfer1": [113.753602, 34.765515], "refinery0": [121.473701, 31.230416], "refinery1": [104.075931, 30.651651], "refinery2": [114.341861, 30.546498], "refinery3": [112.98381, 28.112444], "saleregion0": [126.661669, 45.742347], "saleregion1": [119.295144, 26.100779], "province0": [117.284922, 31.861184], "province1": [116.407526, 39.90403], "province2": [108.327546, 22.815478], "province3": [102.710002, 25.045806]}